{"cameraMode":{"drawMode":0,"name":"Shaded","section":"Shading Mode"},"sceneLighting":true,"audioPlay":false,"sceneViewState":{"showFog":true,"showMaterialUpdate":false,"showSkybox":true,"showFlares":true,"showImageEffects":true,"showParticleSystems":true},"in2DMode":false,"pivot":{"x":0.701171875,"y":20.176025390625,"z":-10.24609375},"rotation":{"x":-0.025466561317443849,"y":0.16182850301265717,"z":-0.004177558235824108,"w":-0.9864861965179443},"size":29.368762969970704,"orthographic":true}