{"cameraMode":{"drawMode":0,"name":"Shaded","section":"Shading Mode"},"sceneLighting":true,"audioPlay":false,"sceneViewState":{"showFog":true,"showMaterialUpdate":false,"showSkybox":true,"showFlares":true,"showImageEffects":true,"showParticleSystems":true},"in2DMode":false,"pivot":{"x":-2.318359375,"y":4.207244873046875,"z":-3.775390625},"rotation":{"x":0.0071902889758348469,"y":-0.0024027752224355938,"z":-0.00001601992335054092,"w":-0.9999771118164063},"size":27.299293518066408,"orthographic":true}